"transcription","estimated_cost_barrier","train","validate","recall","precision"
"s_2-s_7-s_0-s_pt",1.4952175589643395,1,0,1.0,1.0
"l-e-t-t-e-r-s-s_cm",3.7471641654499837,9,1,0.0,0
"o-r-d-e-r-s",5.135131151619299,15,6,0.06666666666666667,1.0
"a-n-d",3.5548626982656084,63,34,0.0,0
"i-n-s-t-r-u-c-t-i-o-n-s-s_pt",16.351464845918528,11,4,0.6363636363636364,1.0
"o-c-t-o-b-e-r",5.668859458616108,15,0,0.13333333333333333,1.0
"s_1-s_7-s_5-s_5-s_pt",2.65886593375885,12,7,0.08333333333333333,1.0
"o-n-l-y",0.9714365030641833,4,0,0.0,0
"f-o-r",0.9706276955888782,37,17,0.02702702702702703,1.0
"t-h-e",0.7979173746060101,129,61,0.015503875968992248,1.0
"p-u-b-l-i-c-k",2.7388767340370457,1,0,1.0,1.0
"u-s-e-s_cm",1,1,0,1.0,0.016129032258064516
"u-n-l-e-s_s-s",2.2700119885187324,3,0,0.0,0
"b-y",0.9940506489383236,13,3,0.0,0
"p-a-r-t-i-c-u-s_mi",2.42531449797686,1,0,1.0,1.0
"l-a-r",1.0771046622144067,1,0,1.0,1.0
"f-r-o-m",4.067057866077332,16,5,0.0,0
"m-e-s_pt",1.7529765259803305,3,0,0.0,0
"y-o-u",3.0924576298731683,70,8,0.12857142857142856,1.0
"a-r-e",1.6395443067452826,57,11,0.03508771929824561,1.0
"t-o",1.029730460271811,139,51,0.0,0
"s-e-n-d",6.569604935681002,3,2,0.0,0
"d-o-w-n",4.469409013840131,3,1,0.0,0
"a",0.8288393510679047,15,11,0.0,0
"b-a-r-r-e-l",6.51703944840626,1,0,1.0,1.0
"o-f",1.2351637980729888,64,31,0.296875,1.0
"f-l-i-n-t-s",5.610677172081406,1,0,1.0,1.0
"w-i-t-h",4.468868878363099,26,17,0.0,0
"a-r-m-s-s_cm",3.779694715377841,2,2,0.0,0
"w-i-n-c-h-e-s-t-e-r-s_cm",8.093059427859348,3,0,0.0,0
"a-b-o-u-t",4.863929340529805,3,1,0.0,0
"t-w-o",2.0122258217370472,3,1,0.0,0
"t-h-o-u-s-a-n-d",8.046198432940844,1,2,1.0,1.0
"w-e-i-g-h-t",1.3136990258800116,1,0,1.0,1.0
"f-l-o-u-r-s_cm",2.810573378430692,1,0,1.0,1.0
"c-o-m-p-a-n-i-e-s",7.319631956215772,2,0,0.0,0
"r-a-n-g-e-r-s-s_sq",4.074058088341564,1,0,1.0,1.0
"t-w-e-l-v-e",5.448251838342875,2,1,0.0,0
"h-u-n-d-r-e-d",10.124509588982006,1,2,1.0,1.0
"w-h-i-c-h",5.9404801808835765,19,6,0.0,0
"b-e",1.0901591645649256,29,24,0.10344827586206896,1.0
"d-e-l-i-v-e-r-e-d",7.139654968196491,4,0,0.0,0
"c-a-p-t-a-i-n",7.8914979471363145,18,5,0.0,0
"a-s-h-b-y",3.615037645950692,1,0,1.0,1.0
"c-o-m-p-a-n-y-s_cm",7.664757186063791,8,1,0.0,0
"a-t",0.6188930606136628,25,10,0.0,0
"p-l-a-n-t-a-t-i-o-n",9.656774436570204,1,0,1.0,1.0
"c-h-a-r-l-e-s",5.480817333504729,1,0,1.0,1.0
"s-e-l-l-a-r-s",4.291581580639486,1,0,1.0,1.0
"s_mi",1.1873124146711365,34,6,0.029411764705882353,1.0
"r-e-s-t",1,1,0,1.0,0.04
"c-o-c-k-e-s-s_qt",1,1,0,1.0,1.0
"n-i-c-h-o-l-a-s",10.410365055561952,1,0,1.0,1.0
"r-e-a-s-m-e-r-s-s_pt",6.446608259252168,1,0,1.0,1.0
"s_2-s_6th-s_pt",1.1121605436130746,2,0,0.0,0
"s_gw",2.569723373331108,8,2,0.0,0
"s_2-s_8th",1,1,0,1.0,0.5
"w-i-n-c-h-e-s-t-e-r-s_qo",8.784459807384792,1,0,1.0,1.0
"s_2-s_8th-s_cm",1,1,0,1.0,1.0
"p-a-r-o-l-e",5.286573654538768,2,0,0.0,0
"h-a-m-p-t-o-n-s_pt",7.918784736903367,1,0,1.0,1.0
"o-f-f-i-c-e-r-s",3.4061320831474804,2,3,0.0,0
"w-h-o",0.7931158319003502,5,1,0.0,0
"c-a-m-e",1.661350605933324,1,2,1.0,1.0
"f-o-r-t",3.570264910762424,15,2,0.0,0
"c-u-m-b-e-r-l-a-n-d",14.641045996501694,3,1,0.0,0
"c-o-l-o-n-e-l",7.699971599789137,4,2,0.0,0
"w-a-s-h-i-n-g-t-o-n-s_cm",6.088056746326042,1,0,1.0,1.0
"i-m-m-e-d-i-a-t-e-l-y",10.871023909119334,5,0,0.2,1.0
"g-o",1.3955701517701644,4,2,0.0,0
"r-e-c-r-u-i-s_mi",5.8859599744928275,2,0,0.0,0
"t-i-n-g-s_sq",1,1,0,1.0,1.0
"t-h-e-y",0.969460719382179,22,3,0.0,0
"a-l-l-o-w-e-d",7.23852547105524,3,0,0.0,0
"u-n-t-i-l",3.4560258085739295,5,3,0.0,0
"s_1st-s_pt",1.1039487536144093,9,0,0.0,0
"d-e-s_mi",1.2428972220539214,2,2,0.0,0
"c-e-m-b-e-r-s_sq",1.889551201852497,1,0,1.0,1.0
"t-i-m-e",2.0794098903750364,4,1,0.0,0
"i-f",1.1700705239014315,11,10,0.0,0
"d-o",0.9174229698211581,5,0,0.0,0
"n-o-t",1.7153211393873944,5,11,0.0,0
"p-u-n-c-t-u-a-l-l-y",8.092635564159957,1,0,1.0,1.0
"a-p-p-e-a-r",3.180001074910983,1,0,1.0,1.0
"p-l-a-c-e",4.5366123015237845,4,1,0.0,0
"r-e-n-d-e-z-s_mi",5.163113659590001,1,0,1.0,1.0
"v-o-u-s",1.5607118849800123,1,0,1.0,1.0
"a-s_s-s-i-g-n-e-d",5.312638092107002,1,0,1.0,1.0
"t-h-e-m-s_cm",3.9906466694313245,2,1,0.0,0
"w-i-l-l",2.976251594794729,17,7,0.0,0
"t-r-i-e-d",1,1,0,1.0,1.0
"c-o-u-r-t",3.1047805476431622,2,0,0.0,0
"m-a-r-t-i-a-l-s_cm",7.650123566536841,1,0,1.0,1.0
"d-i-s-o-b-e-d-i-e-n-c-e",12.603298555776657,1,0,1.0,1.0
"o-r-d-e-r-s-s_pt",2.2380951687058412,1,0,1.0,1.0
"w-a-i-t",1.7030839436734686,1,2,1.0,1.0
"u-p-o-n",2.4094023653092904,4,1,0.0,0
"a-i-d",2.3429416970303247,3,1,0.0,0
"d-e",0.8644972395031806,3,1,0.0,0
"c-a-m-p",1.698428926796547,1,0,1.0,1.0
"o-n-e",1.6863065120064002,10,0,0.0,0
"c-l-o-c-k-s_cm",4.360107274367623,1,0,1.0,1.0
"r-e-c-e-i-v-e",3.882953456577014,5,2,0.0,0
"t-h-e-i-r",2.022458224402118,4,2,0.0,0
"t-i-n-g",1,1,0,1.0,1.0
"e-a-c-h",5.334363391300218,4,1,0.0,0
"o-f-f-i-c-e-r",3.9906466694313245,5,0,0.0,0
"p-r-e-s-e-n-t-s_cm",4.829095973273102,1,0,1.0,1.0
"g-i-v-e",0.6074298385258605,3,1,0.0,0
"i-n",0.8012074685123424,19,17,0.0,0
"r-e-t-u-r-n",7.303904557975143,3,1,0.0,0
"n-u-m-b-e-r",4.955094797573385,1,0,1.0,1.0
"m-e-n",1.7529765259803305,14,3,0.0,0
"h-e",0.7979173746060101,13,3,0.0,0
"h-a-s",2.3250922271181507,7,2,0.0,0
"e-n-l-i-s-t-e-d-s_pt",5.88357661822866,1,0,1.0,1.0
"s-u-b-a-l-t-e-r-n-s_cm",9.567476927115287,2,0,0.0,0
"s-e-r-g-e-a-n-t-s_cm",5.223986410349256,2,0,0.0,0
"c-o-r-p-o-r-a-l-s_cm",7.7481738942314,2,0,0.0,0
"d-r-u-m-m-e-r-s_cm",8.321370371598613,2,0,0.0,0
"t-w-e-n-t-y",4.140101440068458,5,1,0.0,0
"f-i-v-e",2.586360519888658,2,0,0.0,0
"p-r-i-v-a-t-e",5.6401195752385425,3,0,0.0,0
"m-e-n-s_cm",3.4435582949450656,4,0,0.0,0
"m-o-u-n-t",4.338616779900304,1,0,1.0,1.0
"g-u-a-r-d",7.098537100396055,2,0,0.0,0
"d-a-y-s_cm",1.5683275978101188,1,0,1.0,1.0
"r-e-l-i-e-v-e-d",8.702717033534604,1,0,1.0,1.0
"m-o-r-r-o-w",4.34205364685852,1,0,1.0,1.0
"t-e-n",1.8144646487027662,4,3,0.0,0
"o-s_qt-c-l-o-c-k-s_pt",5.111711754393232,1,0,1.0,1.0
"s_mi-s_pt",1.8003528868242968,1,0,1.0,1.0
"a-l-l",3.8574576118086235,7,5,0.0,0
"r-e-p-o-r-t-s",4.16893103754628,1,0,1.0,1.0
"r-e-t-u-r-n-s",5.791657363605272,2,0,0.0,0
"m-a-d-e",7.132559327200122,5,2,0.0,0
"c-a-m-p-s_pt",2.7654953246019174,2,0,0.0,0
"s_2-s_7-s_1-s_pt",1,1,0,1.0,1.0
"s_2-s_8th-s_pt",0.8582469275357486,4,0,0.0,0
"e-n-s-i-g-n",4.1273129496785055,6,0,0.3333333333333333,1.0
"f-l-e-m-i-n-g-s_cm",5.193574327240419,2,0,0.0,0
"v-i-r-g-i-n-i-a",4.1866601434109505,8,1,0.0,0
"r-e-g-i-m-e-n-t-s_pt",6.060530218669111,7,0,0.0,0
"h-e-r-e-b-y",4.598291762296418,7,0,0.0,0
"o-r-d-e-r-e-d",7.646662775557089,10,1,0.0,0
"r-e-p-a-i-r",3.6304260391654664,2,0,0.0,0
"h-o-g-g-s_qt-s",1.8415033761742818,1,1,1.0,1.0
"c-o-m-p-a-n-y",5.968892592252586,7,0,0.14285714285714285,1.0
"d-i-n-w-i-d-d-i-e",6.726695003217997,1,0,1.0,1.0
"e-i-g-h-t",4.199733964771677,7,0,0.0,0
"g-o-o-d",3.5283157616062226,3,2,0.0,0
"m-e-n-s_qo",2.9462295940855086,1,0,1.0,1.0
"a-s",0.737765497565122,31,8,0.0,0
"t-h-a-t",7.255354072943559,25,26,0.0,0
"i-s",0.8319527712390611,21,14,0.047619047619047616,1.0
"w-i-t-h-o-u-t",5.194307881702772,1,1,1.0,1.0
"s-u-r-g-e-o-n-s_cm",5.473441283244209,2,0,0.0,0
"d-u-t-y-s_cm",1.6030994812233805,1,0,1.0,1.0
"a-n",0.8004235577865002,4,2,0.0,0
"a-l-l-o-w-a-n-c-e",8.51931774245877,1,0,1.0,1.0
"i-t-s_pt",1.1569554843261658,2,0,0.0,0
"p-r-o-v-i-d-e",4.453438779257738,4,0,0.0,0
"m-e-d-i-c-i-n-e-s-s_cm",7.782963860302205,1,0,1.0,1.0
"s_et-c-s_pt",1.281472346024008,13,5,0.0,0
"b-e-s-t",1.8674198453815283,4,0,0.0,0
"t-e-r-m-s",2.857784095897868,2,0,0.0,0
"c-a-n-s_pt",1,1,0,1.0,1.0
"t-h-i-s",1.1642489400702785,9,11,0.0,0
"o-r-d-e-r",3.33013575998314,4,1,0.0,0
"i",1.1878248135459404,16,33,0.0,0
"e-x-p-e-c-t",3.504050667187278,2,1,0.0,0
"i-m-m-e-d-i-s_mi",8.287203659142007,2,0,0.0,0
"a-t-e-l-y",2.5291673199976086,2,0,0.0,0
"c-o-m-p-l-i-e-d",5.877270781422064,3,0,0.0,0
"w-i-t-h-s_sq",2.4750737039619435,1,0,1.0,1.0
"n-o",0.7099319637633404,6,2,0.0,0
"d-e-l-a-y-s",2.8428509521045533,1,0,1.0,1.0
"o-f-s_mi",1,1,0,1.0,0.25
"f-e-r-e-d-s_pt",3.3552889838611364,1,0,1.0,1.0
"a-c-c-o-u-n-t",6.142645011180815,3,0,0.0,0
"b-e-l-l",3.496464291147067,2,0,0.0,0
"y-o-u-r",2.7268221350924895,20,12,0.05,1.0
"r-e-c-r-u-i-t-i-n-g",8.251411060144958,2,1,0.0,0
"m-o-n-e-y-s_cm",3.246226979696597,1,1,1.0,1.0
"b-e-f-o-r-e",4.229810590914656,3,1,0.0,0
"l-e-a-v-e",2.194181908638843,1,2,1.0,1.0
"h-i-m-s_pt",1.1048855130614685,3,0,0.0,0
"s-h-o-u-l-d",7.742898128916329,4,5,0.0,0
"a-r-r-i-v-e",4.251861273704132,6,0,0.0,0
"a-u-g-u-s-t-a",4.493902652690725,1,0,1.0,1.0
"h-o-u-s-e",2.0742337478726514,1,0,1.0,1.0
"s-e-r-g-e-a-n-t",4.366744567278133,7,0,0.0,0
"w-i-l-p-e-r",4.302451206879992,3,0,0.0,0
"h-i-s",1.0017465517443012,11,1,0.0,0
"p-a-r-t-y-s_cm",1.472339340768631,1,0,1.0,1.0
"h-a-l-t",3.663083965400633,2,0,0.0,0
"t-h-e-r-e",2.1479608922394355,7,7,0.0,0
"j-o-i-n-s-s_cm",1.8081724983349576,1,0,1.0,1.0
"e-s-c-o-r-t",2.9927889922005453,1,0,1.0,1.0
"a-m-m-u-n-i-t-i-o-n-s_cm",13.193286525993559,1,0,1.0,1.0
"f-o-r-t-s_sq",1.287663789279402,1,0,1.0,1.0
"w-h-e-r-e",3.42531449797686,2,1,0.0,0
"c-l-o-t-h-e-s",7.182853857269254,2,0,0.0,0
"a-r-m-s",3.2238623968896647,5,0,0.0,0
"m-e-n-s_pt",3.5111773924373475,1,0,1.0,1.0
"h-a-v-e",3.2419077131952876,11,7,0.0,0
"f-l-e-m-i-n-g",4.176668533956801,1,0,1.0,1.0
"h-o-g-g-s",2.6611287535241384,4,0,0.0,0
"m-e-n-s_sq",1.5936924981080658,1,1,1.0,1.0
"s-e-e",0.7621412610261262,18,0,0.0,0
"w-i-t-h-s_pt",3.119138656475911,2,0,0.0,0
"m-o-n-e-y",6.7703852826605635,5,3,0.0,0
"l-e-a-v-e-s",3.7743627467954086,1,0,1.0,1.0
"y-o-u-s_pt",2.1590128779194133,2,0,0.0,0
"o-r-d-e-r-e-d-s_cm",4.62912866940126,3,0,0.0,0
"p-e-r-e-m-p-t-o-r-i-l-y-s_cm",9.890548504673603,1,0,1.0,1.0
"w-h-a-t",3.4286446001478263,3,4,0.0,0
"h-a-v-e-s_cm",1.0611870892364688,1,1,1.0,1.0
"o-r",0.7336405439324378,11,4,0.0,0
"c-a-n",1.770145723290863,7,8,0.0,0
"e-n-s_mi",1,1,1,1.0,1.0
"l-i-s-t",1,1,0,1.0,1.0
"d-e-c-e-m-b-e-r-s_pt",9.295556966759836,2,1,0.0,0
"l-a-t-e",1.0917221292130899,1,1,1.0,1.0
"d-i-s-o-b-e-d-i-s_mi",3.920109105664337,1,0,1.0,1.0
"e-n-c-e",1,1,0,1.0,1.0
"g-r-e-a-t-l-y",3.2590809182943064,1,1,1.0,1.0
"d-i-s-p-l-e-a-s-e-d",7.916020368727995,1,0,1.0,1.0
"i-t",1.2552396841870517,8,9,0.125,1.0
"i-m-p-o-s_s-s-i-b-l-e",5.941717664732176,1,0,1.0,1.0
"c-a-r-r-y",2.923450474102628,2,0,0.0,0
"o-n",1.077107391572178,10,4,0.0,0
"a-f-f-a-i-r-s",1.2204617145503458,1,0,1.0,1.0
"o-u-g-h-t",3.5946530712008102,2,0,0.0,0
"b-e-s_cm",1,1,0,1.0,1.0
"w-h-e-n",3.8911332229744064,3,7,0.0,0
"p-a-y",2.586360519888658,7,0,0.0,0
"s-o",1.0348039581514403,6,4,0.0,0
"l-i-t-t-l-e",3.5111769165070443,1,1,1.0,1.0
"r-e-g-a-r-d",4.607584590764653,1,0,1.0,1.0
"f-o-r-c-e",1.9390505275574639,1,0,1.0,1.0
"m-i-l-i-t-a-r-y",4.493902652690725,1,1,1.0,1.0
"m-u-s-t",5.381014704976856,15,1,0.0,0
"c-o-n-s-c-i-o-u-s",7.191516781875235,1,0,1.0,1.0
"w-i-t-h-i-n",2.1585406211242453,1,0,1.0,1.0
"y-o-u-r-s-e-l-f",5.513518196705602,2,0,0.0,0
"s_bl-o-r",1,1,0,1.0,1.0
"l-e-a-s-t",1.2195470207647703,1,0,1.0,1.0
"b-e-s_br",1,1,0,1.0,0.3333333333333333
"c-r-i-m-e",2.660028845627694,1,0,1.0,1.0
"s-u-f-f-i-c-i-e-n-t",4.597648225538954,1,0,1.0,1.0
"b-r-e-a-k",6.02112745243909,1,0,1.0,1.0
"e-v-e-r",2.0550057854455,1,0,1.0,1.0
"b-o-r-e",1.2169181666829152,1,0,1.0,1.0
"c-o-m-m-i-s_s-s-i-o-n-s_pt",13.117991580532363,1,0,1.0,1.0
"s_2-s_7-s_2-s_pt",2.8671732921036237,1,0,1.0,1.0
"p-e-t-e-r",1.5905597647642784,1,0,1.0,1.0
"h-o-g-g-s_cm",2.407990614617387,1,0,1.0,1.0
"s-i-r-s_cm",0.9556723172539696,2,0,0.0,0
"r-e-c-e-i-v-e-d",4.918495031158787,3,0,0.0,0
"y-o-u-r-s",1.3495675397807778,1,0,1.0,1.0
"s_6th-s_pt",1,1,0,1.0,0.3333333333333333
"o-c-t-o-s_mi",2.1171244479009186,1,0,1.0,1.0
"b-e-r-s_cm",1,1,0,1.0,1.0
"i-n-c-l-o-s-i-n-g",3.5904255121378723,1,0,1.0,1.0
"d-a-y-s_pt",1.8247103020135294,1,0,1.0,1.0
"f-e-r-g-u-s-o-n",7.683984307375788,1,0,1.0,1.0
"w-a-s",1.6395443067452826,3,7,0.0,0
"s-e-n-t",1.6502024994623066,5,4,0.0,0
"a-f-t-e-r",2.1056937176044395,2,1,0.0,0
"y-o-u-s_cm",1,1,0,1.0,1.0
"b-u-t",2.076222719248573,2,5,0.0,0
"f-a-l-l-i-n-g",4.547378960423667,1,0,1.0,1.0
"i-l-l-s_cm",1,1,0,1.0,0.5
"s-o-r-e",1.2127482718659883,1,0,1.0,1.0
"a-r-m-s_cm",1,1,0,1.0,1.0
"h-e-r-e-s_cm",0.8861190662879946,4,0,0.0,0
"n-o-w",2.6189761943521646,6,2,0.0,0
"r-e-m-a-i-n-s",7.730539559139386,2,0,0.0,0
"u-n-f-i-t",2.6779551342182257,1,0,1.0,1.0
"d-u-t-y-s_qo",1.5311242472079853,1,0,1.0,1.0
"t-h-e-r-e-f-o-r-e",5.2095981805758615,1,0,1.0,1.0
"r-o-o-m-s_pt",5.862177091270865,1,0,1.0,1.0
"c-l-o-t-h-i-n-g",7.580919272667108,3,0,0.0,0
"c-o-m-p-l-e-t-e",5.210658838202465,3,0,0.0,0
"c-o-m-p-a-s_mi",3.1498536853746932,1,0,1.0,1.0
"n-y",1,1,0,1.0,1.0
"e-s-t-a-b-l-i-s-h-m-e-n-t-s_pt",15.321312344981479,1,0,1.0,1.0
"e-n-l-i-s-t-e-d",2.556388684264095,1,0,1.0,1.0
"t-h-r-e-e",4.242232198440168,1,0,1.0,1.0
"m-a-r-c-h-s_cm",5.442567893865017,1,0,1.0,1.0
"o-r-s_mi",1,1,1,1.0,0.08333333333333333
"d-e-r-e-d",1.0640172695692995,1,0,1.0,1.0
"o-t-h-e-r-s-s_cm",2.4074696064122483,3,0,0.0,0
"j-o-i-n",2.655260969944242,3,0,0.0,0
"y-o-u-s_sq",1.4845785047550777,1,0,1.0,1.0
"b-e-i-n-g",2.8304610179492387,3,3,0.0,0
"d-e-s-i-r-e-d",6.493917791624764,3,0,0.0,0
"t-a-k-e",4.010484995332146,4,0,0.0,0
"c-a-r-e",1.7444649961978733,1,0,1.0,1.0
"c-o-m-p-a-n-y-s_sq",7.664757186063791,2,0,0.0,0
"a-l-l-o-w-e-d-s_pt",3.940003456947995,1,0,1.0,1.0
"u-s-e",0.8365857300725541,4,0,0.0,0
"e-n-d-e-a-v-o-u-r-s",8.3761948059454,1,0,1.0,1.0
"s-e-c-u-r-e",3.1111161193031798,1,0,1.0,1.0
"p-r-o-v-i-s-i-o-n-s-s_cm",8.655066555135711,2,0,0.0,0
"m-o-s-t",3.5548626982656084,3,0,0.0,0
"n-e-e-d-f-u-l",5.524441138017462,1,0,1.0,1.0
"s_qo-s_mi",1,1,0,1.0,1.0
"i-m-p-o-s_s-s-i-s_mi",3.2937051471787653,1,0,1.0,1.0
"b-l-e",1,1,0,1.0,1.0
"d-i-r-e-c-t",3.367744966334925,1,1,1.0,1.0
"d-i-s-t-a-n-c-e-s_cm",3.832283331663726,1,0,1.0,1.0
"p-r-o-p-e-r-l-y-s_pt",5.894910046045232,1,0,1.0,1.0
"w-e",0.7119936413109477,2,9,0.0,0
"c-o-n-t-r-a-c-t-e-d",6.742898128916329,1,1,1.0,1.0
"l-a-r-g-e",1.8556481068879416,1,0,1.0,1.0
"q-u-a-n-t-i-t-y",6.871222378560843,3,0,0.0,0
"b-e-e-f",3.4105271868157745,1,0,1.0,1.0
"a-l-r-e-a-d-y-s_cm",5.204737443725374,1,0,1.0,1.0
"e-n-g-a-g-e",4.272765660700532,3,1,0.0,0
"m-o-r-e",4.2232224614012255,2,3,0.0,0
"t-h-a-n",3.0585834931527374,3,3,0.0,0
"s-u-f-f-i-c-e",6.030509932209487,1,0,1.0,1.0
"o-w-n",1.5419545565023913,1,1,1.0,1.0
"c-o-m-p-a-n-y-s_pt",6.6914331646727465,2,0,0.0,0
"s-h-a-l-l",2.8872661321107147,3,5,0.0,0
"l-o-d-g-e-d",4.902629291827403,1,0,1.0,1.0
"m-r-s_pt",2.08392283196626,4,1,0.0,0
"d-i-c-k",3.512415540609746,2,0,0.0,0
"u-s-u-a-l",3.9184950311587867,1,0,1.0,1.0
"s-t-o-p-p-a-g-e-s",7.781011795162202,1,0,1.0,1.0
"m-e-n-s",3.706971935906072,1,0,1.0,1.0
"w-h-i-l-e",2.604702440942856,1,1,1.0,1.0
"h-o-s-p-i-t-a-l-s_cm",6.7481738942314,1,0,1.0,1.0
"a-n-s-w-e-r",6.171753829487766,1,0,1.0,1.0
"e-x-p-e-n-c-e",6.4846264915227385,1,0,1.0,1.0
"n-u-r-s-e-s-s_cm",7.562255055802016,1,0,1.0,1.0
"v-e-r-y",1.1876484397679712,4,1,0.0,0
"c-a-r-e-f-u-l",5.277169389090022,2,1,0.0,0
"s-l-i-p",1.3785482051150826,1,0,1.0,1.0
"o-p-p-o-r-t-u-n-i-t-y",7.893914949496272,1,2,1.0,1.0
"p-u-r-c-h-a-s-i-n-g",10.960552539978478,2,0,0.0,0
"g-r-a-i-n",4.126900292139864,1,0,1.0,1.0
"d-e-p-e-n-d-a-n-c-e",11.33847524824008,1,0,1.0,1.0
"s_2-s_7-s_3-s_pt",1,1,0,1.0,1.0
"b-r-e-a-d-s_sq",5.507368073877631,1,0,1.0,1.0
"c-o-m-m-i-s_s-s-a-r-y",7.4322330017038984,4,0,0.0,0
"h-a-v-i-n-g",4.087418149933019,2,2,0.0,0
"m-a-k-e",4.113676737415454,5,0,0.0,0
"p-r-o-v-i-s-i-o-n-s",7.586140928791359,1,0,1.0,1.0
"a-n-y",2.7510837238739683,8,5,0.0,0
"d-e-s-e-r-t",3.367744966334925,1,0,1.0,1.0
"d-i-e-s_cm",1.2062246162196215,2,0,0.0,0
"r-e-c-r-u-i-t",7.244248813883625,2,0,0.0,0
"k-e-e-p-i-n-g",4.57561583451652,1,0,1.0,1.0
"e-s-t-a-s_mi",2.999819397686686,1,0,1.0,1.0
"b-l-i-s-h-m-e-n-t-s_pt",7.881352328424079,1,0,1.0,1.0
"l-i-e-u-t-e-n-a-n-t",10.51854689348502,7,0,0.0,0
"b-a-c-o-n",4.246801694252431,1,0,1.0,1.0
"m-a-r-y-l-a-n-d",8.924243768106846,1,1,1.0,1.0
"i-n-d-e-p-e-n-d-a-n-t",14.618841558134314,1,0,1.0,1.0
"t-h-o-s-e",3.367538194641168,4,4,0.0,0
"s-t-o-c-k-a-d-e-s",6.238922854957184,1,0,1.0,1.0
"p-a-t-t-e-r-s-o-n-s",6.139654968196491,1,0,1.0,1.0
"c-r-e-e-k-s_cm",1.3736413408241126,1,0,1.0,1.0
"i-n-t-e-n-d-e-d",5.10483311528159,1,1,1.0,1.0
"w-a-y",1,1,1,1.0,1.0
"c-o-v-e-r",1,1,0,1.0,1.0
"r-a-n-g-e-r-s-s_cm",2.8594253987036096,1,0,1.0,1.0
"r-e-c-e-p-t-a-c-l-e",7.7922307052133934,1,0,1.0,1.0
"t-h-e-n",1,1,0,1.0,1.0
"p-r-o-v-i-s-i-o-n-s-s_sq",7.043083308385112,1,1,1.0,1.0
"p-l-a-n",1.642607433562688,1,0,1.0,1.0
"w-o-r-k-s_cm",1,1,0,1.0,1.0
"r-e-q-u-i-r-e-s",2.3189689887469163,1,0,1.0,1.0
"m-u-c-h",1.4737512451261654,2,2,0.0,0
"e-x-e-c-u-t-e-s_pt",6.357045295882695,1,0,1.0,1.0
"n-e-i-t-h-e-r",5.158695567561419,1,1,1.0,1.0
"n-o-r",1,1,0,1.0,1.0
"t-o-o-l-s-s_cm",2.496464291147067,1,0,1.0,1.0
"u-n-d-e-r-t-a-k-i-n-g",7.236681752223284,1,0,1.0,1.0
"v-i-g-o-u-r-s_pt",1.8619086307419783,1,0,1.0,1.0
"a-m",1.8455722843499651,2,3,0.0,0
"s_2-s_9th-s_pt",1.0414937990863824,6,0,0.0,0
"a-d-a-m",3.9923001746628826,1,0,1.0,1.0
"s-t-e-p-h-e-n-s_cm",4.471533541824494,1,0,1.0,1.0
"s-o-o-n",4.504949552317494,7,0,0.0,0
"w-a-g-g-o-n-s",5.7943732816060445,2,0,0.0,0
"a-l-e-x-a-n-d-r-i-a",11.43193036961005,2,0,0.0,0
"c-u-m-b-e-r-l-a-n-d-s_cm",11.045308315281877,4,0,0.0,0
"c-o-m-p-l-e-t-e-l-y",8.194486542416206,1,0,1.0,1.0
"f-u-r-n-i-s-h-e-d",6.333011101881246,1,0,1.0,1.0
"b-o-t-h-s_sq",2.7240741296917905,2,0,0.0,0
"m-a-r-c-h",4.776033783482788,3,0,0.0,0
"t-h-e-m",3.5659153677364284,6,3,0.16666666666666666,1.0
"c-u-m-b-e-r-l-a-n-d-s_sq",7.897728316314332,1,0,1.0,1.0
"o-b-s-e-r-v-i-n-g",6.233251226482367,1,0,1.0,1.0
"u-p",1.1422756274351364,6,4,0.0,0
"s-a-l-t",1.1006608852849356,1,0,1.0,1.0
"w-a-g-g-o-n-s-s_cm",5.776974353972155,1,0,1.0,1.0
"p-r-o-v-i-d-e-d",8.532453706301139,1,0,1.0,1.0
"c-o-m-m-i-s_s-s-a-r-y-s_cm",8.781447638406119,1,0,1.0,1.0
"c-a-r-r-y-s_pt",1.5696134948984817,1,0,1.0,1.0
"c-o-m-e",4.726500171655748,1,0,1.0,1.0
"s-o-m-e",1.7313396537372887,4,3,0.0,0
"c-o-u-n-t-r-y",7.673525082590013,2,1,0.0,0
"w-a-g-s_mi",1.7035604409899276,1,0,1.0,1.0
"g-o-n-s-s_cm",1.243850752382377,1,0,1.0,1.0
"a-l-s-o",2.335913479276567,8,1,0.0,0
"l-o-a-d-e-d",3.347697972983937,1,0,1.0,1.0
"s-a-l-t-s_pt",1.1519219036832178,1,1,1.0,1.0
"w-a-n-t-i-n-g",6.2488023858685535,1,1,1.0,1.0
"p-u-r-p-o-s-e",4.92282295303129,1,0,1.0,1.0
"f-o-r-t-y",1.2647214700529572,1,0,1.0,1.0
"c-o-a-t-s-s_cm",3.968392059728728,2,0,0.0,0
"t-h-i-r-t-y",2.3494648582274418,3,0,0.0,0
"n-i-n-e",1.0940172457996384,2,0,0.0,0
"w-a-i-s-t-c-o-a-t-s-s_cm",10.33356813324319,2,0,0.0,0
"f-i-f-t-y",1.5017307312614037,1,1,1.0,1.0
"s-i-x",1.118392724056255,2,0,0.0,0
"p-a-i-r",4.127375073044784,3,0,0.0,0
"b-r-e-e-c-h-e-s-s_sq",5.65594534344375,1,0,1.0,1.0
"h-a-t-s",2.489527271908328,1,0,1.0,1.0
"e-i-g-h-t-y",1.5457853359246867,1,0,1.0,1.0
"s-h-i-r-t-s-s_sq",4.6362823029098585,1,0,1.0,1.0
"s_2-s_7-s_4-s_pt",4.0158185132226425,1,0,1.0,1.0
"o-u-t",2.9690072915410908,4,0,0.0,0
"c-o-m-p-a-n-i-e-s-s_cm",8.7840228910701,2,1,0.0,0
"a-c-c-o-r-d-i-n-g",5.965002893150711,1,0,1.0,1.0
"m-e",2.849290898221106,2,5,0.0,0
"c-u-m-s_mi",3.6468135002325877,1,0,1.0,1.0
"b-e-r-l-a-n-d-s_cm",5.405387942512443,1,0,1.0,1.0
"s-u-i-t-s",2.0997387856621814,1,0,1.0,1.0
"n-e-c-e-s_s-s-a-r-y-s_cm",3.963914375065542,1,0,1.0,1.0
"c-a-s-e",1,1,0,1.0,1.0
"g-e-t-t-i-n-g",1.611559308238634,1,0,1.0,1.0
"l-o-d-g-i-n-g",2.678834150180773,1,0,1.0,1.0
"b-a-r-r-a-c-k-s",4.608892239305428,1,0,1.0,1.0
"f-u-l-l-s_pt",3.0351464061941904,1,0,1.0,1.0
"w-i-l-s_mi",1.3294589844140932,1,0,1.0,1.0
"p-e-r",1.122224115834623,3,0,0.0,0
"w-a-i-t-i-n-g",3.5693496875248334,1,0,1.0,1.0
"f-o-r-t-s_cm",1.0155325260935424,1,0,1.0,1.0
"n-e-c-e-s_s-s-a-r-i-e-s",6.837221970884774,2,1,0.0,0
"a-r-r-i-v-e-s_cm",3.0333853633005576,2,0,0.0,0
"r-e-c-e-i-v-e-s",6.664080183830329,1,0,1.0,1.0
"s-u-c-h",5.5827911570710675,4,2,0.0,0
"t-h-i-n-g-s",3.1961509177695753,1,1,1.0,1.0
"f-o-r-s_cm",1,1,0,1.0,0.3333333333333333
"d-i-s-p-a-t-c-h",4.972834763025598,2,0,0.0,0
"h-i-m",3.533313021418681,4,1,0.0,0
"i-m-m-e-d-i-a-t-e-l-y-s_pt",9.795629758013277,1,0,1.0,1.0
"o-t-h-e-r",3.8079412532113306,2,3,0.0,0
"h-o-r-s-e-s-s_cm",2.0285573645836186,1,0,1.0,1.0
"b-e-l-o-n-g-s_mi",1.2608479690450123,1,0,1.0,1.0
"i-n-g",1,1,1,1.0,1.0
"c-o-u-n-t-r-y-s_cm",4.646813500232588,2,0,0.0,0
"h-a-d",2.2750242331943173,1,5,1.0,1.0
"t-e-a-m-s",4.18221208214972,1,0,1.0,1.0
"s-t-o-p-p-e-d-s_cm",3.211334511669114,1,0,1.0,1.0
"h-o-r-s-e-s",2.3753988924208707,1,0,1.0,1.0
"g-i-v-e-n",2.7615903602675496,5,1,0.0,0
"h-e-r-d-s-m-e-n",7.339186768182916,1,0,1.0,1.0
"r-e-m-a-i-n",5.511565240575852,1,0,1.0,1.0
"c-a-t-t-l-e-s_cm",2.8605593682522357,1,0,1.0,1.0
"h-e-a-r",2.5049258184172407,1,1,1.0,1.0
"c-o-m-s_mi",1.906853247169116,2,0,0.0,0
"m-i-s_s-s-a-r-y",4.730758825783117,1,0,1.0,1.0
"c-o-o-p-e-r-s",5.332134849157521,2,0,0.0,0
"b-a-r-r-e-l-s",3.6989305421645264,1,0,1.0,1.0
"p-a-c-k-i-n-g",4.790424242825994,1,0,1.0,1.0
"b-e-e-f-s_sq",1.556002945971744,1,0,1.0,1.0
"s-o-l-d-i-e-r-s",3.549698278943522,1,0,1.0,1.0
"c-o-o-p-e-r-s-s_cm",6.479023524496092,1,0,1.0,1.0
"s-e-t",1.1376915222150799,1,0,1.0,1.0
"i-m-s_mi",1.1057797946039796,1,1,1.0,1.0
"m-e-d-i-a-t-e-l-y",6.477419121716536,1,0,1.0,1.0
"w-o-r-k-s_pt",3.0104849953321464,1,0,1.0,1.0
"s-t-o-r-e-s",2.1185846935942836,1,0,1.0,1.0
"h-e-r-e",1.8917570683504727,3,2,0.0,0
"p-o-u-n-d-s",6.0383224673880855,1,0,1.0,1.0
"g-o-o-s-e",1.6750066419909992,1,0,1.0,1.0
"d-e-l-i-v-e-r",7.487975098520018,4,0,0.0,0
"a-s-h-b-y-s_qt-s",3.077905956191308,1,0,1.0,1.0
"p-a-s_s-s",2.0848182210186734,1,1,1.0,1.0
"b-y-s_cm",1,1,0,1.0,1.0
"d-i-r-e-c-t-i-n-g",5.088870755535739,1,0,1.0,1.0
"p-a-r-t-i-c-u-l-a-r-l-y",9.588580464985377,1,1,1.0,1.0
"c-a-r-e-s_mi",1.7330107193446636,1,0,1.0,1.0
"f-u-l",1,1,0,1.0,0.125
"e-i-t-h-e-r",3.8984093637033936,1,0,1.0,1.0
"c-a-p-t-a-i-n-s",5.526664810626896,1,0,1.0,1.0
"r-a-n-g-e-r-s",4.928816843550972,1,0,1.0,1.0
"a-p-p-l-y",2.367672171826011,2,0,0.0,0
"a-m-m-u-s_mi",3.4075326630691567,1,0,1.0,1.0
"n-i-t-i-o-n-s_cm",3.8903237196855622,1,0,1.0,1.0
"s-u-p-p-l-y",4.277169389090022,1,0,1.0,1.0
"f-o-r-t-s_pt",2.8627302623476987,1,0,1.0,1.0
"d-r-u-m-s_cm",2.6968828616443226,1,0,1.0,1.0
"w-i-l-p-e-r-s_cm",5.129585686311296,3,0,0.0,0
"r-o-o-m",3.5071112666762545,1,0,1.0,1.0
"d-u-n-c-a-n",6.821930772817615,1,0,1.0,1.0
"f-e-r-g-u-s-o-n-s_cm",5.865954856105057,1,0,1.0,1.0
"s_2-s_7-s_5-s_pt",1,1,0,1.0,1.0
"c-u-m-b-e-r-l-a-n-d-s_pt",11.55515220412763,2,0,0.0,0
"r-e-g-i-m-e-n-t",5.5949376076675765,1,1,1.0,1.0
"e-x-e-r-s_mi",1,1,0,1.0,1.0
"c-i-s-e-d",1.383957848887516,1,0,1.0,1.0
"o-f-t-e-n",1.9605483933825196,1,1,1.0,1.0
"e-v-e-r-y",1.1725189635736744,3,1,0.0,0
"d-a-y",1.191255603115197,4,1,0.0,0
"d-u-t-y",1.5009916094224312,1,0,1.0,1.0
"a-d-m-i-t-s_sq",4.521400187038676,1,0,1.0,1.0
"p-r-a-c-t-i-s-e-d",8.76424954512946,1,0,1.0,1.0
"s-h-o-o-t-i-n-g",6.175189829345398,1,0,1.0,1.0
"t-a-r-s_mi",1,1,0,1.0,1.0
"g-e-t-s-s_sq",1,1,0,1.0,0.5
"r-e-m-a-r-k-a-b-l-y",11.11742998085814,1,0,1.0,1.0
"a-w-k-w-a-r-d-s_cm",4.077671014096684,1,0,1.0,1.0
"p-a-r-t-i-c-u-l-a-r",6.848627072645304,3,1,0.0,0
"p-a-i-n-s",2.473042334204837,1,0,1.0,1.0
"t-a-k-e-n",2.5374144377168615,1,0,1.0,1.0
"t-h-e-m-s_pt",1.1246912198280508,1,1,1.0,1.0
"o-b-s-e-r-v-e",5.000700425894573,1,0,1.0,1.0
"d-i-s-c-i-p-l-i-n-e-s_cm",7.756744155201476,1,0,1.0,1.0
"i-r-r-e-g-u-s_mi",3.375646425016977,1,0,1.0,1.0
"l-a-r-i-t-i-e-s",3.632378111407033,1,0,1.0,1.0
"h-a-p-p-e-n-s_sq",4.252484897354256,1,0,1.0,1.0
"p-i-l-l-a-g-e",6.476902180345996,2,0,0.0,0
"c-o-m-p-l-a-i-n-e-d",9.169781978492834,1,0,1.0,1.0
"l-a-s-t",1.6699727671335087,1,0,1.0,1.0
"d-e-t-a-c-h-m-e-n-t-s_pt",12.291146079138805,1,0,1.0,1.0
"m-a-j-o-r",4.804060238792954,2,1,0.0,0
"l-e-w-i-s",4.018614057174506,2,0,0.0,0
"i-n-s_mi",1.7511577718827085,1,0,1.0,1.0
"s-t-r-u-c-t-i-o-n-s",7.928222596252036,1,0,1.0,1.0
"l-e-f-t",1.1223579720385344,2,2,0.0,0
"h-i-m-s_cm",2.0794098903750364,4,0,0.25,1.0
"o-b-s-e-r-v-e-d-s_pt",9.706861545364509,1,0,1.0,1.0
"u-n-d-e-r",7.9096823791018345,4,0,0.0,0
"m-y",1,1,1,1.0,1.0
"h-a-n-d",5.331935493881995,2,0,0.0,0
"a-r-e-s_cm",1,1,0,1.0,0.03333333333333333
"d-i-r-e-c-t-i-o-n-s",6.772050884246959,1,0,1.0,1.0
"n-e-c-e-s_s-s-a-r-y",6.473489181109371,3,0,0.0,0
"d-r-i-v-i-n-g",3.39010337852213,1,0,1.0,1.0
"c-a-t-t-l-e",3.502757921446338,2,0,0.0,0
"d-o-c-t-o-r",4.279699702809585,1,0,1.0,1.0
"w-a-l-k-e-r-s_cm",4.432821879598158,1,0,1.0,1.0
"t-h-e-r-e-s_cm",2.1952569471247596,1,1,1.0,1.0
"k-i-l-l-e-d",4.138013178532533,1,0,1.0,1.0
"p-r-o-p-e-r-l-y",5.115984369538629,1,0,1.0,1.0
"s-a-l-t-e-d-s_pt",3.670299390682521,1,0,1.0,1.0
"w-h-i-c-h-e-v-e-r",7.227443768017478,1,0,1.0,1.0
"p-u-r-c-h-a-s-e",6.284999347413754,1,0,1.0,1.0
"p-o-r-k",1.2482580333973998,1,0,1.0,1.0
"i-m-a-g-i-n-e",3.9908663467671284,1,0,1.0,1.0
"t-r-o-o-p-s-s_cm",4.052915343282729,2,0,0.0,0
"r-e-a-s-o-n-a-b-l-e",5.860702379137233,1,0,1.0,1.0
"c-a-n-s_sq",2.560887924223969,1,0,1.0,1.0
"o-b-l-i-g-e",1.547143942840194,1,0,1.0,1.0
"w-h-a-t-e-v-e-r",7.101307794197584,2,0,0.0,0
"j-u-d-g-e",1.3106505547288307,1,0,1.0,1.0
"p-r-o-p-e-r-s_pt",3.41714947334998,1,0,1.0,1.0
"a-n-s-w-e-r-s_cm",4.48325297223132,1,0,1.0,1.0
"h-a-n-d-s-s_cm",6.072061752236861,2,0,0.0,0
"d-r-a-u-g-h-t-s",3.7242740988080287,1,0,1.0,1.0
"h-o-g-g",1.5060999760559621,1,0,1.0,1.0
"m-a-y",2.772659314898407,2,3,0.0,0
"d-r-a-w",2.9113572801144842,1,0,1.0,1.0
"s-u-b-s-i-s-t-a-n-c-e",6.208938710049263,1,0,1.0,1.0
"t-i-m-e-s_pt",2.3109977759985454,2,0,0.0,0
"e-n-g-a-g-e-d",6.350879658583373,1,0,1.0,1.0
"b-e-r-r-e-l-s",5.081542278827998,1,0,1.0,1.0
"s_2-s_7-s_6-s_pt",3.535730902978341,1,0,1.0,1.0
"l-e-t-t-e-r-s",2.0997387856621814,1,6,1.0,1.0
"e-x-p-e-d-i-t-i-o-n-s_cm",7.252891598480138,1,0,1.0,1.0
"k-n-o-w",2.1896491101211413,1,2,1.0,1.0
"w-a-n-t-e-d",3.035237503834934,1,1,1.0,1.0
"s-e-v-e-r-a-l",2.8108556713647563,1,0,1.0,1.0
"c-o-n-t-r-a-c-t-s",6.048312767639835,1,0,1.0,1.0
"n-e-x-t",1.4121613272112288,2,0,0.0,0
"m-o-n-t-h-s_cm",4.439964990705822,2,0,0.0,0
"d-e-s-i-r-e",1.9028264071883592,1,1,1.0,1.0
"u-p-s_mi",1,1,0,1.0,0.08333333333333333
"a-c-c-o-u-n-t-s_cm",3.9072433834865423,1,0,1.0,1.0
"i-m-m-e-d-i-a-t-e",6.056659941275629,1,0,1.0,1.0
"p-a-y-m-e-n-t-s_pt",5.442567893865017,1,0,1.0,1.0
"w-i-n-c-h-e-s-t-e-r",7.238922854957184,2,0,0.0,0
"s_1-s_7-s_5-s_5",1.3734493786474284,1,0,1.0,1.0
"w-i-l-l-i-a-m-s-b-u-r-g-h-s_pt",9.961059516908891,1,0,1.0,1.0
"d-r-u-m-m-e-r",7.321370371598613,1,0,1.0,1.0
"p-e-a-c-h-y",2.973827715722795,1,0,1.0,1.0
"c-o-m-m-a-n-d",10.876591754804663,2,2,0.0,0
"r-e-c-r-u-i-t-s",7.2875547124698326,3,2,0.0,0
"a-r-r-i-v-e-d",5.152409153722439,2,0,0.0,0
"h-a-l-l",2.2842185095559744,1,0,1.0,1.0
"p-r-i-c-e-s_sq",1.1578693442853303,1,0,1.0,1.0
"a-c-t",1.019195724447036,1,2,1.0,1.0
"f-u-r-t-h-e-r",4.066530628850938,2,0,0.0,0
"o-r-d-e-r-s-s_mi",4.9064533587079096,2,0,0.0,0
"h-e-d-g-e-m-a-n-s_cm",7.174248083723139,1,0,1.0,1.0
"k-i-n-g-s_cm",1.5718440548405987,1,0,1.0,1.0
"e-u-s-t-a-c-e-s_cm",5.629619492167218,1,0,1.0,1.0
"s_bl-a-s",1,1,0,1.0,1.0
"c-u-m-b-e-r-l-a-n-d-s_br",7.528669873105967,1,0,1.0,1.0
"w-a-g-g-e-n-e-r",6.534498691485809,1,0,1.0,1.0
"c-o-m-m-a-n-d-s",7.722515833643456,1,0,1.0,1.0
"p-r-e-s-e-n-t-s_sq",3.6674441331943752,1,0,1.0,1.0
"p-a-r-t-y",1.1578693442853303,1,0,1.0,1.0
"s-h-a-w-s_cm",2.299770275455583,1,0,1.0,1.0
"r-e-s_mi",1,1,0,1.0,0.06666666666666667
"t-u-r-n",2.0285573645836186,1,0,1.0,1.0
"r-e-s-p-e-c-t-i-v-e",5.8565976591805,1,0,1.0,1.0
"r-e-a-c-h",1.8780122905184204,1,0,1.0,1.0
"m-a-g-a-z-i-n-e",5.756010465655816,1,0,1.0,1.0
"s-e-c-u-r-e-d-s_cm",1.869864262636066,1,0,1.0,1.0
"f-a-s-t-e-n-i-n-g",4.860218750076012,1,0,1.0,1.0
"w-i-n-d-o-w-s",4.8303201738217,1,0,1.0,1.0
"b-e-t-t-e-r",2.9462295940855086,1,1,1.0,1.0
"a-r-e-s_pt",1,1,0,1.0,1.0
"c-l-o-s_mi",1.2962328447935247,1,0,1.0,1.0
"s_2-s_7-s_7-s_pt",1.4952175589643395,1,0,1.0,1.0
"t-h-e-d",1,1,0,1.0,0.5
"m-o-r-r-o-w-s_cm",1.5999838873645187,1,0,1.0,1.0
"a-c-c-o-u-n-t-s",4.884474257733634,1,0,1.0,1.0
"r-e-c-e-i-v-e-s_pt",2.749141920086706,1,0,1.0,1.0
"r-e-c-r-u-i-t-s-s_pt",3.4733388905351648,1,0,1.0,1.0
"m-a-n",2.6031457862723126,2,0,0.0,0
"d-i-s-t-i-n-g-u-i-s-h-e-s",6.29408271084773,1,0,1.0,1.0
"f-i-r-e-l-o-c-k",4.007667615546493,1,0,1.0,1.0
"m-a-r-k-s_cm",1.6189761943521646,1,0,1.0,1.0
"s-u-b-s_mi",1.504038053216905,1,0,1.0,1.0
"a-l-t-e-r-n-s",2.5946788319556027,1,0,1.0,1.0
"e-n-t-e-r",1.887974759602491,2,0,0.0,0
"b-o-o-k-s_cm",1.4454070053791521,1,0,1.0,1.0
"k-e-e-p",1,1,0,1.0,0.5
"p-u-r-p-o-s-e-s_pt",4.2153653550023185,1,0,1.0,1.0
"o-r-d-e-r-l-y",2.9678711756731717,1,0,1.0,1.0
"b-o-o-k",2.928293528430583,1,0,1.0,1.0
"i-s_s-s-u-e",1.410382484310715,1,0,1.0,1.0
"r-e-g-u-l-a-r-l-y-s_cm",4.655299364775995,1,0,1.0,1.0
"e-x-a-m-i-n-e",4.422353394374771,1,0,1.0,1.0
"o-f-t-e-n-s_cm",1.4916899993446777,1,0,1.0,1.0
"d-u-l-y",2.0571186191341457,1,0,1.0,1.0
"b-r-o-n-a-u-g-h-s_cm",4.454864675690714,1,0,1.0,1.0
"s-t-e-w-a-r-t-s_cm",4.922200640371678,1,0,1.0,1.0
"b-l-e-g-g",1.4151864380240902,1,0,1.0,1.0
"w-i-l-l-i-a-m-s-s_cm",4.504754140753911,1,0,1.0,1.0
"r-e-c-r-u-i-t-i-n-g-s_cm",6.177935155682669,1,0,1.0,1.0
"r-e-n-d-e-z-v-o-u-s",8.492997366085817,3,0,0.0,0
"a-l-e-x-a-n-d-r-i-s_mi",9.328890046130645,1,0,1.0,1.0
"a-s_cm",1,1,0,1.0,0.05263157894736842
"s_1st",1,1,0,1.0,1.0
"s_3-s_1st-s_pt",1,1,0,1.0,1.0
"r-o-b-e-r-t",6.0287109033847,1,1,1.0,1.0
"s-p-o-t-s-w-o-o-d-s_cm",6.821298462863682,1,0,1.0,1.0
"f-u-r-n-i-s-h",3.057738647035075,1,0,1.0,1.0
"f-r-e-d-e-r-i-c-k-s-b-u-r-g-h-s_cm",11.934642607478914,1,0,1.0,1.0
"u-t-m-o-s-t",6.364341214029778,1,0,1.0,1.0
"r-e-i-n-f-o-r-c-e",6.059009462446828,1,0,1.0,1.0
"g-a-r-r-i-s-o-n-s_pt",6.161785663598788,1,0,1.0,1.0
"c-a-r-s_mi",1,1,0,1.0,0.5
"t-r-i-d-g-e-s-s_pt",3.3199275272487982,1,0,1.0,1.0
"c-i-r-c-u-m-s_mi",3.392862431869241,1,0,1.0,1.0
"s-p-e-c-t",1.7794585792135265,1,0,1.0,1.0
"m-a-r-c-h-s_sq",4.324024811585683,1,1,1.0,1.0
"w-h-a-t-s-o-e-v-e-r-s_cm",9.566687217684082,1,0,1.0,1.0
"p-l-u-n-d-e-r",7.5035386014484295,1,0,1.0,1.0
"h-o-u-s-e-s",4.247374003702545,1,0,1.0,1.0
"p-e-o-p-l-e",2.756470286365471,1,1,1.0,1.0
"d-e-s-e-r-t-e-d-s_cm",2.687328301188498,1,0,1.0,1.0
"p-l-a-n-t-a-t-i-o-n-s-s_pt",9.656774436570204,1,0,1.0,1.0
"f-r-a-s_mi",1.0494203608022237,1,0,1.0,1.0
"z-i-e-r",1,1,0,1.0,1.0
"c-a-r-t-e-r-s_cm",2.6294259667965854,1,0,1.0,1.0
"a-p-p-o-i-n-t-e-d",6.357010162792118,1,3,1.0,1.0
"m-a-n-d",9.398326582683932,1,0,1.0,1.0
"s_2-s_7-s_8-s_pt",3.0209638204912714,1,0,1.0,1.0
"j-o-h-n",3.618788081122694,1,3,1.0,1.0
"m-e-r-c-e-r",3.918743124297107,1,1,1.0,1.0
"r-e-n-s_mi",1.2620906681370974,1,0,1.0,1.0
"d-e-z-v-o-u-s",5.907111228249224,1,0,1.0,1.0
"f-i-r-s-t",1.1810601324486858,1,0,1.0,1.0
"d-e-c-e-m-b-e-r-s_cm",10.814604191091973,2,0,0.0,0
"r-a-i-s-e",3.0364628872110355,1,0,1.0,1.0
"f-r-e-d-e-r-i-c-k-s-b-u-r-g-s_cm",13.692010761197928,1,0,1.0,1.0
"n-o-v-e-m-b-e-r",13.765422308349867,2,0,0.0,0
"n-s_pt-b-s_pt",2.3000771252834142,2,0,0.0,0
"j-o-s-h-u-a",7.875003061083065,1,0,1.0,1.0
"a-l-e-x-s_mi",1.7520096258545546,1,0,1.0,1.0
"a-n-d-r-i-a-s_pt",8.45543834730387,1,0,1.0,1.0
"b-o-y-d-s_cm",3.1213172714372366,1,0,1.0,1.0
"p-a-y-m-a-s-t-e-r-s_pt",5.8549478195970694,1,0,1.0,1.0
"s-t-e-p-h-e-n",4.490053633787218,2,0,0.0,0
"b-r-o-u-g-h-t",4.024890121248731,1,0,1.0,1.0
"s_lb-s_1-s_0-s_0-s_0",1.462309123165126,1,0,1.0,1.0
"w-r-o-t-e",1.6939811287863038,1,0,1.0,1.0
"o-f-f",1.0357417430063314,3,0,0.0,0
"s-a-v-e",1.1102526083192745,1,0,1.0,1.0
"j-o-u-r-n-e-y",4.983285632541416,1,0,1.0,1.0
"w-i-l-l-i-a-m-s-s_mi",9.589051112114248,1,0,1.0,1.0
"b-u-r-g",1,1,0,1.0,1.0
"t-i-m-e-s_qo",2.1132928273152904,1,0,1.0,1.0
"t-h-i-n-k",2.235605397007691,1,2,1.0,1.0
"a-b-s-o-l-u-t-e-l-y",5.573938188177307,1,0,1.0,1.0
"s-h-o-u-l-d-s_cm",3.9595533174258684,1,0,1.0,1.0
"p-a-y-i-n-g",3.0708896070858636,1,0,1.0,1.0
"t-r-o-o-p-s",3.082438525463849,1,0,1.0,1.0
"g-a-r-r-i-s-o-n-s_cm",4.900549253460644,1,0,1.0,1.0
"i-n-t-o",1.1485637445027383,1,2,1.0,1.0
"a-u-g-u-s-t-a-s_cm",6.158373429186872,1,0,1.0,1.0
"c-o-m-p-l-e-t-e-s_sq",5.575700416249214,1,0,1.0,1.0
"m-c-s_pt",1.0749979316519283,1,0,1.0,1.0
"c-l-e-n-a-c-h-a-n-s_cm",6.885048335990951,1,0,1.0,1.0
"s-a-f-e",1,1,0,1.0,0.3333333333333333
"h-e-n-c-e-s_pt",5.378893469055977,1,0,1.0,1.0
"p-a-i-d",2.140105482445681,3,0,0.0,0
"o-c-s_mi",1,1,0,1.0,0.05555555555555555
"t-o-b-e-r",1.0762227192485732,1,0,1.0,1.0
"d-i-s-t-i-n-c-s_mi",5.245268692688318,1,0,1.0,1.0
"t-i-o-n",1.083233432394601,1,1,1.0,1.0
"b-e-t-w-e-e-n",7.72815057257729,1,1,1.0,1.0
"s-e-r-g-e-a-n-t-s-s_cm",4.709889696445926,1,0,1.0,1.0
"n-o-n-e",1.5607118849800123,1,3,1.0,1.0
"y-e-t",1,1,3,1.0,1.0
"b-e-e-n",2.453747036719498,1,0,1.0,1.0
"r-e-g-u-l-a-r-l-y",5.1793865929587115,1,0,1.0,1.0
"a-p-p-o-i-n-t-e-d-s_pt",7.8096474957803395,1,0,1.0,1.0
"a-c-s_mi",1,1,2,1.0,0.041666666666666664
"c-o-u-n-t",3.0159519143198104,1,0,1.0,1.0
"p-a-i-d-s_cm",3.682042461821026,1,0,1.0,1.0
"h-o-w",1.4977427504328333,1,3,1.0,1.0
"s-e-r-g-e-a-n-t-s",5.281295341073793,1,0,1.0,1.0
"p-a-y-s_cm",1.8306037394595505,1,1,1.0,1.0
"d-e-d-u-c-t-e-d",8.253601890040077,1,0,1.0,1.0
"p-a-y-m-e-n-t-s_qo",11.00698557248216,1,0,1.0,1.0
"s_1-s_7-s_5-s_5-s_pt-s_2-s_7-s_9-s_pt",4.337849042548925,1,0,1.0,1.0
"p-e-n-c-e",5.577243836137758,2,0,0.0,0
"n-o-n",1.1324929142275844,1,0,1.0,1.0
"c-o-m-m-i-s_s-s-i-o-n-e-d",11.075519023787152,2,0,0.0,0
"s-o-l-d-i-e-r",4.482412322819003,2,0,0.0,0
"m-e-d-i-c-i-n-e-s-s_sq",8.704408611900384,1,0,1.0,1.0
"s-u-r-g-e-o-n",3.0136998447399552,1,0,1.0,1.0
"q-u-a-r-t-e-r-l-y-s_pt",6.1562899783477265,1,0,1.0,1.0
"m-o-n-t-h",3.776033783482788,1,0,1.0,1.0
"s-t-o-p-p-e-d",4.600448359119054,1,0,1.0,1.0
"d-r-u-m-s_mi",2.6283105195911474,1,0,1.0,1.0
"m-e-r-s-s_cm",1,1,0,1.0,1.0
"d-r-u-m",2.0742337478726514,1,0,1.0,1.0
"t-e-a-c-h-i-n-g",3.3869392503103652,1,0,1.0,1.0
"r-e-p-a-i-r-i-n-g",4.021276577950955,1,0,1.0,1.0
"d-r-u-m-s-s_pt",3.5473347466476675,1,0,1.0,1.0
"t-h-e-s-e",3.030280144183674,1,3,1.0,1.0
"d-e-d-u-c-t-i-o-n-s",6.815629840790786,1,0,1.0,1.0
"d-a-y-s_sq",1,1,0,1.0,1.0
"c-o-u-n-s_mi",1.6031457862723126,1,0,1.0,1.0
"t-e-r-m-a-n-d-e-d",5.971790993473009,1,0,1.0,1.0
"g-o-v-e-r-n-o-r",4.611836246122137,1,1,1.0,1.0
"m-y-s-e-l-f-s_pt",3.4116089361984514,1,0,1.0,1.0
"n-o-n-s_mi",1,1,0,1.0,0.023255813953488372
"h-a-p-p-e-n",2.635329448684579,1,0,1.0,1.0
"c-o-n-t-i-n-u-e-d",6.08450963051053,1,0,1.0,1.0
"r-o-l-l",2.235574755126629,1,0,1.0,1.0
"e-f-s_mi",1,1,0,1.0,1.0
"f-e-c-t-i-v-e",2.5666726567406,1,0,1.0,1.0
"d-a-y-s-s_cm",1.5079182333638474,1,0,1.0,1.0
"c-o-f-f-i-n-s_cm",3.016060173723778,1,0,1.0,1.0
"j-o-n-e-s-s_cm",1,1,0,1.0,0.5
"g-e-o-r-g-e",1.5394671861535048,1,0,1.0,1.0
"c-o-n-w-a-y-s_pt",5.088060685004595,1,0,1.0,1.0
"s_bl-t-a-k-i-n-g",2.678834150180773,1,0,1.0,1.0
"r-e-c-e-i-p-t",1.5457853359246867,1,0,1.0,1.0
"s-a-m-e-s_br",1,1,0,1.0,0.2
"r-e-g-i-m-e-n-t-a-l",6.188169938869233,1,0,1.0,1.0
"b-r-e-e-c-h-e-s-s_cm",3.9370682405216098,1,0,1.0,1.0
"h-a-t-s-s_cm",1.2379628436561663,1,0,1.0,1.0
"e-l-e-v-e-n",4.013742202471567,1,0,1.0,1.0
"s-h-i-r-t-s-s_cm",2.847838889977565,1,0,1.0,1.0
"m-a-n-y",1,1,2,1.0,1.0
"s-t-o-c-k-i-n-g-s-s_cm",4.365602605250885,1,0,1.0,1.0
"s-a-m-e",1.5909911243914667,1,0,1.0,1.0
"s-h-o-e-s-s_pt",2.700309329682263,1,0,1.0,1.0
"s-a-i-d",4.426803605963678,2,1,0.0,0
"m-u-s-q-u-e-t-s-s_sq",4.479321005087097,1,0,1.0,1.0
"b-a-y-o-n-e-t-s-s_cm",4.533693566397504,1,0,1.0,1.0
"c-a-r-t-o-u-c-h-s_mi",8.18355072111023,1,0,1.0,1.0
"b-o-x-s_qt-s-s_cm",2.540144642752644,1,0,1.0,1.0
"s-t-o-r-e-s_pt",1.0645502431127447,1,0,1.0,1.0
"b-a-y-o-n-e-t-s",6.482316941145748,1,0,1.0,1.0
"l-o-o-s-e",1,1,0,1.0,1.0
"o-n-e-s",1,1,0,1.0,1.0
"s-t-o-r-e-s_qo",1.0248150048123823,1,0,1.0,1.0
"l-i-v-e-r",1.3601834671084436,1,0,1.0,1.0
"b-l-a-n-k-e-t-s-s_pt",6.670296070936667,1,0,1.0,1.0
"o-c-t-o-s_pt",1,1,0,1.0,1.0
"s_3-s_0th-s_pt",1,1,0,1.0,1.0
"d-a-v-i-d",6.045765299031106,1,0,1.0,1.0
"s_3-s_0-s_0-s_pt",0,0,1,0,0
"d-e-c-e-m-b-e-r",0,0,6,0,0
"o-f-f-e-r-s-s_pt",0,0,1,0,0
"e-x-s_mi",0,0,3,0,0
"p-a-y-m-e-n-t-s-s_qo",0,0,1,0,0
"s-e-e-s_mi",0,0,1,0,0
"d-i-s-a-g-r-e-e-m-e-n-t",0,0,1,0,0
"r-e-t-u-r-n-s-s_cm",0,0,1,0,0
"p-a-y-s_mi-r-o-l-l-s-s_sq",0,0,1,0,0
"s-t-r-i-c-t",0,0,1,0,0
"e-x-a-m-i-n-a-t-i-o-n",0,0,1,0,0
"h-e-r-e-a-f-s_mi",0,0,1,0,0
"t-e-r-s_pt",0,0,1,0,0
"a-l-e-x-a-n-d-r-i-a-s_qo",0,0,2,0,0
"s_3-s_cm",0,0,1,0,0
"s_5th-s_pt",0,0,3,0,0
"h-o-n-o-u-r-a-b-l-e",0,0,1,0,0
"d-i-n-w-i-d-d-i-e-s_cm",0,0,1,0,0
"e-s-q-u-i-r-e-s_sq",0,0,1,0,0
"g-o-v-e-r-n-o-r-s_pt",0,0,1,0,0
"b-e-a-r-e-r-s_cm",0,0,2,0,0
"c-a-p-s_mi",0,0,1,0,0
"t-a-i-n",0,0,1,0,0
"s_bl-w-h-o",0,0,1,0,0
"a-c-c-o-m-p-t-s",0,0,1,0,0
"s-e-t-t-l-e",0,0,2,0,0
"c-o-m-m-i-t-t-e-e",0,0,1,0,0
"t-r-e-a-s-u-s_mi",0,0,1,0,0
"r-e-r",0,0,1,0,0
"b-a-l-a-n-c-e",0,0,2,0,0
"p-o-u-n-d-s-s_sq",0,0,1,0,0
"a-q-u-a-i-n-t",0,0,1,0,0
"h-o-n-o-u-r-s_cm",0,0,1,0,0
"m-e-e-t-i-n-g",0,0,2,0,0
"f-r-e-d-e-r-i-c-k-s-s_mi",0,0,2,0,0
"b-u-r-g-h-s_cm",0,0,2,0,0
"r-e-t-u-r-n-e-d",0,0,1,0,0
"w-i-l-l-i-a-m-s-b-u-r-g-h-s_cm",0,0,1,0,0
"i-n-f-o-r-m-i-n-g",0,0,2,0,0
"p-e-a-c-e-a-b-l-e",0,0,1,0,0
"a-b-o-v-e-s_cm",0,0,2,0,0
"n-o-t-h-i-n-g",0,0,3,0,0
"i-m-m-e-s_mi",0,0,1,0,0
"d-i-a-t-e-l-y",0,0,1,0,0
"g-o-t",0,0,2,0,0
"c-o-u-l-d",0,0,2,0,0
"p-l-a-c-e-s_cm",0,0,2,0,0
"h-a-s-t-e-n-e-d",0,0,1,0,0
"m-o-r-e-s_sq",0,0,1,0,0
"w-e-r-e",0,0,4,0,0
"e-x-p-e-c-t-e-d",0,0,2,0,0
"i-n-s_sq",0,0,1,0,0
"a-r-s_mi",0,0,1,0,0
"r-i-v-a-l",0,0,1,0,0
"v-e-s_s-s-e-l",0,0,3,0,0
"j-a-m-e-s",0,0,1,0,0
"r-i-v-e-r-s_cm",0,0,1,0,0
"f-o-r-w-a-r-d",0,0,1,0,0
"g-r-e-a-t-e-r",0,0,1,0,0
"d-i-s-p-a-t-c-h-s_pt",0,0,2,0,0
"a-r-r-i-v-e-d-s_pt",0,0,1,0,0
"i-m-p-a-t-i-e-n-t-l-y",0,0,1,0,0
"r-e-s-u-l-t",0,0,1,0,0
"h-o-n-o-u-r-s",0,0,1,0,0
"l-e-t-t-e-r",0,0,1,0,0
"g-e-n-e-r-a-l",0,0,3,0,0
"s-h-i-r-l-e-y-s_sq",0,0,1,0,0
"l-a-y-s",0,0,1,0,0
"p-r-o-v-e",0,0,1,0,0
"o-m-i-n-o-u-s-s_pt",0,0,2,0,0
"c-a-s-e-s_cm",0,0,2,0,0
"a-c-t-s_sq",0,0,2,0,0
"n-e-v-e-r",0,0,2,0,0
"s-u-b-m-i-t",0,0,1,0,0
"d-a-g-s_mi",0,0,1,0,0
"m-o-r-t-h-y-s_cm",0,0,1,0,0
"s-i-n-c-e",0,0,1,0,0
"h-o-n-o-u-r-e-d",0,0,1,0,0
"r-e-g-i-m-e-n-t-s_cm",0,0,1,0,0
"s-u-s-t-a-i-n-e-d",0,0,1,0,0
"i-n-c-o-n-c-e-i-v-a-b-l-e",0,0,1,0,0
"l-o-s_s-s-e-s",0,0,1,0,0
"d-e-l-a-y-i-n-g",0,0,2,0,0
"c-o-m-m-i-s_s-s-a-r-i-e-s",0,0,1,0,0
"w-i-l-l-i-a-m-s-b-u-r-g-h-s_qo",0,0,1,0,0
"c-a-r-o-l-i-n-a",0,0,1,0,0
"b-e-e-v-e-s",0,0,1,0,0
"d-e-a-d-s_cm",0,0,1,0,0
"t-h-r-o-u-g-h",0,0,2,0,0
"a-b-s_mi",0,0,1,0,0
"s-o-l-u-t-e",0,0,1,0,0
"p-o-v-e-r-t-y-s_sq",0,0,1,0,0
"c-h-i-e-f",0,0,1,0,0
"p-a-r-t",0,0,2,0,0
"t-o-o",0,0,1,0,0
"p-o-o-r",0,0,1,0,0
"s-l-a-u-g-h-t-e-r-s_pt",0,0,1,0,0
"l-o-s_s-s",0,0,1,0,0
"a-c-t-s_cm",0,0,1,0,0
"w-a-n-t",0,0,4,0,0
"m-u-t-i-n-y",0,0,1,0,0
"b-i-l-l-s_sq",0,0,1,0,0
"o-b-l-i-g-e-d",0,0,1,0,0
"h-o-n-o-u-r",0,0,4,0,0
"p-r-i-n-t-e-d-s_cm",0,0,1,0,0
"b-e-a-r-e-r-s_pt",0,0,1,0,0
"c-l-a-u-s-e",0,0,1,0,0
"b-i-l-l-s_cm",0,0,1,0,0
"k-i-n-d",0,0,3,0,0
"e-n-o-u-g-h",0,0,3,0,0
"o-b-v-i-a-t-e-s_cm",0,0,1,0,0
"p-r-e-v-e-n-t",0,0,1,0,0
"e-n-t-i-r-e-l-y",0,0,1,0,0
"i-n-t-e-n-s_mi",0,0,1,0,0
"i-t-s_qo",0,0,2,0,0
"i-s_pt-e-s_pt",0,0,1,0,0
"e-x-e-c-u-t-i-o-n",0,0,1,0,0
"s-e-n-s_mi",0,0,1,0,0
"t-e-n-c-e-s-s_cm",0,0,1,0,0
"q-u-a-i-n-t-e-d",0,0,1,0,0
"p-r-o-c-e-e-d-i-n-g-s",0,0,1,0,0
"c-o-u-r-t-s_pt",0,0,1,0,0
"t-h-i-s-s_cm",0,0,1,0,0
"t-i-m-e-s",0,0,2,0,0
"g-r-e-a-t-s_mi",0,0,1,0,0
"e-s-t",0,0,1,0,0
"o-c-c-a-s-i-o-n",0,0,2,0,0
"e-x-p-a-m-p-l-e-s-s_cm",0,0,1,0,0
"m-o-r-a-l-l-y",0,0,1,0,0
"p-o-s_s-s-i-b-l-e",0,0,1,0,0
"s_bl-i",0,0,1,0,0
"m-e-a-n",0,0,1,0,0
"o-u-r",0,0,8,0,0
"p-e-r-h-a-p-s",0,0,1,0,0
"n-e-a-r",0,0,1,0,0
"o-h-i-o-s_br",0,0,1,0,0
"s-t-r-o-n-g",0,0,1,0,0
"p-a-r-s_mi",0,0,1,0,0
"t-i-e-s",0,0,1,0,0
"s-a-f-e-t-y-s_qo",0,0,1,0,0
"a-t-t-e-n-d-e-d",0,0,1,0,0
"g-r-e-a-t",0,0,3,0,0
"e-x-p-e-n-c-e-s_cm",0,0,1,0,0
"t-r-o-u-b-l-e",0,0,1,0,0
"i-n-c-o-n-v-e-s_mi",0,0,1,0,0
"n-i-e-n-c-y-s_pt",0,0,1,0,0
"r-e-p-r-e-s-e-n-t-e-d",0,0,1,0,0
"c-o-r-b-i-n",0,0,1,0,0
"g-e-n-t-l-e-m-e-n",0,0,1,0,0
"c-o-u-n-c-i-l-s_cm",0,0,1,0,0
"d-o-w-n-s_sq",0,0,1,0,0
"o-b-j-e-c-t-i-o-n",0,0,1,0,0
"b-i-l-l",0,0,1,0,0
"w-o-u-l-d",0,0,11,0,0
"r-e-m-o-v-e-d-s_cm",0,0,1,0,0
"h-o-n-s_mi",0,0,1,0,0
"o-u-r-s",0,0,1,0,0
"g-i-v-i-n-g",0,0,1,0,0
"b-l-a-n-k",0,0,1,0,0
"w-a-r-r-a-n-t-s-s_cm",0,0,1,0,0
"f-i-l-l-e-d",0,0,1,0,0
"r-e-q-u-i-r-e-s_pt",0,0,1,0,0
"e-f-f-e-c-s_mi",0,0,1,0,0
"t-u-a-l-l-y",0,0,1,0,0
"r-e-m-e-d-y",0,0,1,0,0
"e-v-i-l-s-s_cm",0,0,1,0,0
"p-u-t",0,0,1,0,0
"p-r-o-p-e-r",0,0,3,0,0
"c-h-a-n-n-e-l-s_pt",0,0,1,0,0
"s-u-f-f-e-r",0,0,2,0,0
"k-e-t-s_mi",0,0,1,0,0
"s_3-s_0-s_2-s_pt",0,0,1,0,0
"k-e-t-t-l-e-s-s_qo",0,0,1,0,0
"b-e-l-o-w",0,0,1,0,0
"t-i-n-s_cm",0,0,1,0,0
"s-m-a-l-l",0,0,1,0,0
"d-u-r-a-t-i-o-n-s_pt",0,0,1,0,0
"t-i-m-e-s_cm",0,0,1,0,0
"c-l-o-t-h-i-n-g-s_sq",0,0,1,0,0
"p-a-r-t-s-s_qo",0,0,1,0,0
"c-a-r-l-y-l-e",0,0,1,0,0
"d-a-l-t-o-n",0,0,1,0,0
"f-u-r-n-i-s-h-s_cm",0,0,1,0,0
"d-i-s-a-p-p-o-i-n-t-e-d",0,0,1,0,0
"o-f-f-s_pt",0,0,1,0,0
"s-h-o-e-s",0,0,1,0,0
"s-t-o-c-k-i-n-g-s",0,0,1,0,0
"g-e-t",0,0,2,0,0
"w-a-n-t-e-d-s_cm",0,0,1,0,0
"e-l-s-e-s_pt",0,0,1,0,0
"g-l-a-d",0,0,3,0,0
"h-o-n-o-r",0,0,4,0,0
"d-o-n-e",0,0,1,0,0
"c-a-s_mi",0,0,1,0,0
"s-e-s-s_sq",0,0,1,0,0
"t-r-e-a-s-u-r-e-r",0,0,1,0,0
"g-o-l-d",0,0,1,0,0
"s-i-l-v-e-r-s_qo",0,0,1,0,0
"d-o-n-e-s_cm",0,0,1,0,0
"m-i-g-h-t",0,0,3,0,0
"p-e-n-n-s-y-l-v-a-n-i-a-s_cm",0,0,1,0,0
"h-e-r-e-s_pt",0,0,1,0,0
"i-m-p-o-s_s-s-i-b-l-e-s_sq",0,0,1,0,0
"p-a-p-e-r",0,0,2,0,0
"p-a-s_s-s-i-n-g",0,0,1,0,0
"t-h-e-r-e-s_pt",0,0,2,0,0
"s-e-r-v-i-c-e",0,0,2,0,0
"g-o-e-s",0,0,1,0,0
"t-r-e-m-e-l-y",0,0,1,0,0
"s-l-o-w-s_pt",0,0,1,0,0
"y-e-s-t-e-r-d-a-y",0,0,1,0,0
"r-e-n-d-e-z-v-o-u-s-i-n-g",0,0,1,0,0
"o-n-l-y-s_pt",0,0,1,0,0
"a-p-p-r-o-s_mi",0,0,1,0,0
"v-e-d",0,0,1,0,0
"i-t-s_sq",0,0,1,0,0
"p-e-n-n-s-y-l-v-a-n-i-a",0,0,1,0,0
"b-o-r-d-e-r-s",0,0,1,0,0
"c-a-r-o-l-i-n-a-s_qo",0,0,1,0,0
"c-o-n-f-i-d-e-n-t-s_cm",0,0,1,0,0
"d-i-r-e-c-t-i-s_mi",0,0,1,0,0
"o-n-s",0,0,1,0,0
"k-n-o-w-s_cm",0,0,1,0,0
"w-h-e-t-h-e-r",0,0,1,0,0
"l-a-i-d",0,0,1,0,0
"s-e-r-v-e",0,0,1,0,0
"a-c-c-o-r-d-i-n-g-l-y-s_pt",0,0,1,0,0
"c-o-n-c-e-i-v-e-s_cm",0,0,1,0,0
"d-a-n-g-e-r",0,0,1,0,0
"a-p-p-r-e-h-e-n-d-e-d",0,0,1,0,0
"w-i-n-t-e-r-s_sq",0,0,1,0,0
"s-e-n-s-i-b-l-e-s_cm",0,0,1,0,0
"c-o-n-s-t-a-n-t",0,0,1,0,0
"a-t-t-e-n-d-a-n-c-e",0,0,1,0,0
"i-n-s-t-r-u-c-t-i-o-n-s",0,0,1,0,0
"s-e-r-v-i-c-e-a-b-l-e",0,0,1,0,0
"r-i-d-i-n-g",0,0,1,0,0
"m-a-k-i-n-g",0,0,1,0,0
"d-i-s-p-o-s-i-t-i-o-n-s-s_cm",0,0,1,0,0
"s-e-e-i-n-g",0,0,1,0,0
"n-e-c-e-s_s-s_mi",0,0,1,0,0
"s-a-r-i-e-s",0,0,1,0,0
"f-o-r-w-a-r-d-e-d",0,0,1,0,0
"t-h-e-r-e-s_mi",0,0,1,0,0
"f-o-r-e",0,0,1,0,0
"a-d-v-i-s-a-b-l-e",0,0,1,0,0
"i-n-f-o-r-m",0,0,1,0,0
"i-t-s_cm",0,0,1,0,0
"h-o-p-i-n-g",0,0,1,0,0
"c-o-r-r-e-s-p-o-n-d",0,0,1,0,0
"o-p-i-n-i-o-n-s_pt",0,0,1,0,0
"f-o-r-g-o-t",0,0,1,0,0
"m-e-n-t-i-o-n",0,0,1,0,0
"d-o-w-n-s_cm",0,0,1,0,0
"l-i-v-i-n-g-s_mi",0,0,1,0,0
"s-t-o-n-s_cm",0,0,1,0,0
"m-a-j-o-r-s_cm",0,0,1,0,0
"a-d-j-u-t-a-n-t",0,0,1,0,0
"r-e-g-i-m-e-n-t-s_qo",0,0,2,0,0
"k-n-e-w",0,0,1,0,0
"e-l-s-e",0,0,1,0,0
"w-h-o-s-e",0,0,1,0,0
"l-o-n-g",0,0,1,0,0
"s-e-r-v-i-t-u-d-e",0,0,1,0,0
"w-a-y-s_cm",0,0,1,0,0
"q-u-a-l-i-f-i-e-d",0,0,1,0,0
"o-f-f-i-c-e-s_cm",0,0,1,0,0
"s_1-s_7th-s_pt",0,0,1,0,0
"s-e-p-t-e-m-b-e-r-s_pt",0,0,1,0,0
"m-e-r-c-e-r-s_qt-s",0,0,1,0,0
"c-a-m-p-s_cm",0,0,1,0,0
"s-e-e-m-s",0,0,1,0,0
"d-o-u-b-t-f-u-l-s_sq",0,0,1,0,0
"f-i-x",0,0,1,0,0
"s-t-e-w-a-r-t-s-s_qo",0,0,1,0,0
"s-t-e-w-s_mi",0,0,1,0,0
"a-r-t-s",0,0,1,0,0
"e-n-c-r-e-a-s-e-d-s_cm",0,0,1,0,0
"s-u-p-p-o-s-e",0,0,1,0,0
"b-e-l-o-n-g-i-n-g",0,0,1,0,0
"l-i-g-h-t",0,0,1,0,0
"h-o-r-s-e",0,0,1,0,0
"t-h-e-i-r-s",0,0,1,0,0
"a-u-g-m-e-n-s_mi",0,0,1,0,0
"t-e-d",0,0,1,0,0
"a-l-s-o-s_pt",0,0,1,0,0
"s-t-e-p-h-e-n-s-s_cm",0,0,1,0,0
"l-e-t-t-e-r-s_cm",0,0,1,0,0
"d-i-s-s_mi",0,0,1,0,0
"c-o-v-e-r-e-d",0,0,1,0,0
"i-n-c-l-i-n-a-t-i-o-n",0,0,1,0,0
"c-r-e-e-k",0,0,1,0,0
"c-h-e-s_mi",0,0,1,0,0
"r-o-k-e-e",0,0,1,0,0
"i-n-d-i-a-n-s",0,0,1,0,0
"w-i-n-t-e-r-s_pt",0,0,1,0,0
"t-o-l-d",0,0,1,0,0
"a-p-s_mi",0,0,1,0,0
"p-l-y-s_cm",0,0,1,0,0
"t-h-o-u-g-h-t-s-s_pt",0,0,1,0,0
"b-e-l-i-e-v-e-s_cm",0,0,1,0,0
"u-s-e-f-u-l",0,0,1,0,0
"b-u-s-i-n-e-s_s-s-s_cm",0,0,1,0,0
"s-p-a-r-e-d",0,0,1,0,0
"s-p-r-i-n-g-s_pt",0,0,1,0,0
"d-e-r",0,0,1,0,0
"a-s_s-s-e-m-b-l-y",0,0,1,0,0
"a-p-p-r-e-h-e-n-d-i-n-g",0,0,1,0,0
"d-e-s-e-r-s_mi",0,0,1,0,0
"t-e-r-s-s_cm",0,0,1,0,0
"a-g-a-i-n-s-t",0,0,1,0,0
"h-a-r-b-o-u-r-i-n-g",0,0,1,0,0
"p-u-b-l-i-s-h-e-d",0,0,1,0,0
"s-u-n-d-a-y",0,0,1,0,0
"p-a-r-i-s-h",0,0,1,0,0
"c-h-u-r-c-h-s_cm",0,0,1,0,0
"a-c-q-u-a-i-n-t-e-d",0,0,2,0,0
"l-a-w-s_cm",0,0,1,0,0
"e-f-f-e-c-t-s_pt",0,0,1,0,0
"c-o-m-m-o-n-a-l-t-y",0,0,1,0,0
"g-e-n-e-s_mi",0,0,1,0,0
"r-a-l-s_cm",0,0,1,0,0
"i-g-n-o-r-a-n-c-e",0,0,1,0,0
"d-e-s-i-g-n-s_qo",0,0,1,0,0
"f-e-w",0,0,1,0,0
"l-a-w",0,0,1,0,0
"e-x-i-s-t-s-s_qo",0,0,1,0,0
"c-e-r-t-a-i-n",0,0,1,0,0
"b-r-i-n-g-i-n-g",0,0,1,0,0
"k-n-o-w-l-e-d-g-e-s_pt",0,0,1,0,0
"d-i-d",0,0,1,0,0
"o-n-c-e",0,0,1,0,0
"b-e-l-o-n-g",0,0,1,0,0
"d-e-s-e-r-t-e-d",0,0,1,0,0
"r-e-g-i-m-e-n-t-s",0,0,1,0,0
"d-r-a-u-g-h-s_mi",0,0,1,0,0
"t-e-d-s_cm",0,0,1,0,0
"g-l-a-d-l-y",0,0,1,0,0
"s_3-s_0-s_4-s_pt",0,0,1,0,0
"s-u-r-e",0,0,1,0,0
"i-d-e-m-n-i-t-y-s_pt",0,0,1,0,0
"i-n-t-i-m-a-t-e",0,0,1,0,0
"s-h-i-r-l-e-y-s_cm",0,0,1,0,0
"c-o-l-o-n-e-l-s",0,0,1,0,0
"r-e-g-i-m-e-n-t-s-s_cm",0,0,1,0,0
"u-s-s_qo",0,0,1,0,0
"d-a-r-e",0,0,1,0,0
"r-o-b-i-n-s-o-n",0,0,1,0,0
"e-s-q-u-i-r-e-s_cm",0,0,1,0,0
"s-p-e-a-k-e-r-s_pt",0,0,1,0,0
"m-e-r-c-e-r-s_cm",0,0,1,0,0
"c-o-m-p-t-s",0,0,1,0,0
"c-o-m-m-i-t-t-e-e-s_sq",0,0,1,0,0
"c-a-l-l",0,0,1,0,0
"p-o-u-n-d-s-s_cm",0,0,1,0,0
"b-e-l-i-e-v-e",0,0,1,0,0
"a-n-o-t-h-e-r",0,0,1,0,0
"o-f-f-e-r-s_sq",0,0,1,0,0
"d-e-m-a-n-d-s",0,0,1,0,0
"g-r-e-a-t-e-s-t-s_pt",0,0,1,0,0
"w-i-l-l-i-s_mi",0,0,1,0,0
"a-m-s-b-u-r-g-h-s_cm",0,0,1,0,0
"p-r-o-c-e-e-d",0,0,1,0,0
"w-i-n-c-h-e-s-s_mi",0,0,1,0,0
"t-e-r-s_sq",0,0,1,0,0
"p-e-a-c-e",0,0,1,0,0
"p-r-e-v-a-i-l-e-d",0,0,1,0,0
"i-m-m-e-d-i-a-t-e-s_mi",0,0,1,0,0
"l-y",0,0,1,0,0
"s-a-l-t-s_sq",0,0,1,0,0
"g-a-g-e",0,0,1,0,0
"c-o-u-l-d-s_cm",0,0,1,0,0
"a-r-r-i-v-a-l",0,0,1,0,0
"p-l-a-c-e-s_sq",0,0,1,0,0
"s-u-n-d-r-y",0,0,1,0,0
"t-r-o-o-p-s-s_pt",0,0,1,0,0
"v-e-s_s-s_mi",0,0,1,0,0
"s-e-l",0,0,1,0,0
"w-i-l-l-i-a-m-s-b-u-r-g-h",0,0,1,0,0
"d-a-y-s",0,0,1,0,0
"d-i-d-s_cm",0,0,1,0,0
"a-r-r-i-v-e-d-s_qo",0,0,1,0,0
"p-r-e-s_s-s",0,0,1,0,0
"r-e-t-u-r-n-e-d-s_cm",0,0,1,0,0
"s-h-i-r-l-e-y",0,0,1,0,0
"c-o-m-m-i-s_s-s-i-o-n-s",0,0,1,0,0
"f-i-e-l-d",0,0,1,0,0
"g-i-v-e-s",0,0,1,0,0
"c-o-n-c-e-r-n-s_sq",0,0,1,0,0
"f-e-a-r-i-n-g",0,0,1,0,0
"l-a-y",0,0,1,0,0
"u-s-e-l-e-s_s-s",0,0,1,0,0
